Workbook
Name 課題合計: 課題!$E$4:$E$8

Sheet 名簿
A1: 学生証番号 | B1: 氏名
A2: 1234001 | B2: 京都 太郎
A3: 1234002 | B3: 京産 花子
A4: 1234003 | B4: 山田 一郎
A5: 1234004 | B5: 佐藤 次郎
A6: 1234005 | B6: 鈴木 三子

Sheet 課題
A1: 課題の成績
A3: 学生証番号 | B3: 氏名 | C3: 課題1 | D3: 課題2 | E3: 合計
A4: 1234001 | B4: 京都 太郎 | C4: 8 | D4: 9 | E4: =SUM(C4:D4) -> 17
A5: 1234002 | B5: 京産 花子 | C5: 10 | D5: 8 | E5: =SUM(C5:D5) -> 18
A6: 1234003 | B6: 山田 一郎 | C6: 7 | D6: 10 | E6: =SUM(C6:D6) -> 17
A7: 1234004 | B7: 佐藤 次郎 | C7: 9 | D7: 5 | E7: =SUM(C7:D7) -> 14
A8: 1234005 | B8: 鈴木 三子 | C8: 6 | D8: 7 | E8: =SUM(C8:D8) -> 13
A10: 平均 | E10: =AVERAGE(E4:E8) -> 15.8

Sheet 試験
A1: 学生証番号 | B1: 氏名 | C1: 得点
A2: 1234001 | B2: 京都 太郎 | C2: 85
A3: 1234002 | B3: 京産 花子 | C3: 92
A4: 1234003 | B4: 山田 一郎 | C4: 70
A5: 1234004 | B5: 佐藤 次郎 | C5: 64
A6: 1234005 | B6: 鈴木 三子 | C6: 77

Sheet 配点
A1: 項目 | B1: 配点
A2: 課題 | B2: 40
A3: 試験 | B3: 60

Sheet 最終成績
A1: 学生証番号 | B1: 氏名 | C1: 課題 | D1: 試験 | E1: 合計 | F1: 課題合計(確認) | G1: 確認用
A2: =名簿!A2 -> 1234001 | B2: =名簿!B2 -> 京都 太郎 | C2: =課題!E4*配点!$B$2/20 -> 34 | D2: =試験!C2*配点!$B$3/100 -> 51 | E2: =C2+D2 -> 85 | F2: =VLOOKUP(A2,課題!$A$4:$E$8,5,FALSE) -> 17 | G2: =INDIRECT("課題!E"&(ROW()+2)) -> 17
A3: =名簿!A3 -> 1234002 | B3: =名簿!B3 -> 京産 花子 | C3: =課題!E5*配点!$B$2/20 -> 36 | D3: =試験!C3*配点!$B$3/100 -> 55.2 | E3: =C3+D3 -> 91.2 | F3: =VLOOKUP(A3,課題!$A$4:$E$8,5,FALSE) -> 18 | G3: =OFFSET(課題!$E$4,1,0) -> 18
A4: =名簿!A4 -> 1234003 | B4: =名簿!B4 -> 山田 一郎 | C4: =課題!E6*配点!$B$2/20 -> 34 | D4: =試験!C4*配点!$B$3/100 -> 42 | E4: =C4+D4 -> 76 | F4: =VLOOKUP(A4,課題!$A$4:$E$8,5,FALSE) -> 17 | G4: =SUM(課題合計) -> 79
A5: =名簿!A5 -> 1234004 | B5: =名簿!B5 -> 佐藤 次郎 | C5: =課題!E7*配点!$B$2/20 -> 28 | D5: =試験!C5*配点!$B$3/100 -> 38.4 | E5: =C5+D5 -> 66.4 | F5: =VLOOKUP(A5,課題!$A$4:$E$8,5,FALSE) -> 14
A6: =名簿!A6 -> 1234005 | B6: =名簿!B6 -> 鈴木 三子 | C6: =課題!E8*配点!$B$2/20 -> 26 | D6: =試験!C6*配点!$B$3/100 -> 46.2 | E6: =C6+D6 -> 72.2 | F6: =VLOOKUP(A6,課題!$A$4:$E$8,5,FALSE) -> 13
A8: 平均 | D8: =AVERAGE(試験!C2:C6)*配点!$B$3/100 -> 46.56
